"id","first_name","last_name","email","date_of_birth","image_url"
"100000","Wm","Barrows","Nick.Wehner81@gmail.com","Mon Jan 22 2024 01:04:20 GMT+0100 (Central European Standard Time)","https://loremflickr.com/640/480?lock=5481562787282944"
"100001","Della","Greenholt","Nora.Runolfsson23@gmail.com","Sat Jun 03 2023 12:05:37 GMT+0200 (Central European Summer Time)","https://loremflickr.com/640/480?lock=6781984575586304"
"100002","Kimberly","Runolfsdottir","Janis.Nienow@hotmail.com","Sat Dec 16 2023 05:24:54 GMT+0100 (Central European Standard Time)","https://picsum.photos/seed/1UoLiGLnVG/640/480"
"100003","Marlon","Rowe","Joyce.Hahn@hotmail.com","Tue May 23 2023 10:09:27 GMT+0200 (Central European Summer Time)","https://picsum.photos/seed/mJfj2afZu/640/480"
"100004","Lila","Hilpert","Terrance.Ankunding96@hotmail.com","Sun Feb 04 2024 14:29:38 GMT+0100 (Central European Standard Time)","https://picsum.photos/seed/idtVTioU9m/640/480"
"100005","Emanuel","Ortiz","Sophia_Hettinger78@gmail.com","Sat Oct 21 2023 06:13:25 GMT+0200 (Central European Summer Time)","https://picsum.photos/seed/rJFFdS/640/480"
"100006","Tomas","Yundt","Felicia_Kuhlman61@gmail.com","Fri Apr 07 2023 07:58:29 GMT+0200 (Central European Summer Time)","https://loremflickr.com/640/480?lock=89049750568960"
"100007","Darryl","Mayer","Abraham.Bechtelar@yahoo.com","Tue Nov 21 2023 07:32:36 GMT+0100 (Central European Standard Time)","https://loremflickr.com/640/480?lock=3242518957260800"
"100008","Darrel","Daugherty","Lena_Lakin52@yahoo.com","Fri Sep 29 2023 08:56:25 GMT+0200 (Central European Summer Time)","https://picsum.photos/seed/B8Pbv7i2/640/480"
"100009","Darren","Parisian","Luz_Thiel49@gmail.com","Wed Jan 17 2024 00:59:26 GMT+0100 (Central European Standard Time)","https://loremflickr.com/640/480?lock=2549034608754688"
"100010","Woodrow","Kuhic","Wilbert.Nicolas-Kertzmann14@gmail.com","Wed Jan 17 2024 12:43:33 GMT+0100 (Central European Standard Time)","https://picsum.photos/seed/TzE3jOwMf/640/480"
"100011","Tomas","Kuhn","Maria.Metz78@yahoo.com","Mon Jul 31 2023 12:40:57 GMT+0200 (Central European Summer Time)","https://picsum.photos/seed/98QCV44pY/640/480"
"100012","Reginald","Heaney","Thelma_Heller@gmail.com","Sun Jul 09 2023 09:01:16 GMT+0200 (Central European Summer Time)","https://loremflickr.com/640/480?lock=5664990635753472"
"100013","Phil","Pacocha-Jakubowski","Nina_Quitzon86@yahoo.com","Sun May 28 2023 04:51:23 GMT+0200 (Central European Summer Time)","https://picsum.photos/seed/IKd3VUpS6Y/640/480"
"100014","Trevor","Armstrong-Schaden","Dora_Hilll2@yahoo.com","Sun Jun 04 2023 03:15:17 GMT+0200 (Central European Summer Time)","https://picsum.photos/seed/u3uLIq0f0q/640/480"
"100015","Homer","Wilkinson","Andrew_Aufderhar@yahoo.com","Wed Mar 22 2023 05:01:57 GMT+0100 (Central European Standard Time)","https://loremflickr.com/640/480?lock=5971324400828416"
"100016","Clark","Simonis","Ignacio_Romaguera55@gmail.com","Sun Oct 01 2023 14:41:34 GMT+0200 (Central European Summer Time)","https://loremflickr.com/640/480?lock=4359129275564032"
"100017","Bert","Stracke-Upton","Tommy.Marquardt47@hotmail.com","Thu Dec 28 2023 19:35:08 GMT+0100 (Central European Standard Time)","https://loremflickr.com/640/480?lock=2786232293654528"
"100018","Rodolfo","Hintz","Howard_Torp6@gmail.com","Fri Jan 26 2024 21:06:07 GMT+0100 (Central European Standard Time)","https://picsum.photos/seed/Y2u9at/640/480"
"100019","Paul","Waters","Eddie_Parisian@hotmail.com","Thu Nov 09 2023 04:48:37 GMT+0100 (Central European Standard Time)","https://picsum.photos/seed/eXeLDnBFPB/640/480"
"100020","Angela","Kreiger-Ruecker","Tricia.Walter@yahoo.com","Sat Dec 16 2023 09:07:38 GMT+0100 (Central European Standard Time)","https://picsum.photos/seed/q1CBhXOh/640/480"
"100021","Andy","Konopelski","Lewis_Bogan30@yahoo.com","Thu Aug 17 2023 12:54:23 GMT+0200 (Central European Summer Time)","https://picsum.photos/seed/mvV5jv/640/480"
"100022","Marta","Parisian-Schumm","Allan_Koss@yahoo.com","Thu May 04 2023 10:37:27 GMT+0200 (Central European Summer Time)","https://loremflickr.com/640/480?lock=7442995982893056"
"100023","Gwendolyn","Borer","Leon_Veum@gmail.com","Mon Dec 11 2023 15:54:44 GMT+0100 (Central European Standard Time)","https://loremflickr.com/640/480?lock=765768337719296"
"100024","May","Gerlach","Thelma.Fahey@yahoo.com","Sat Jul 01 2023 06:59:37 GMT+0200 (Central European Summer Time)","https://loremflickr.com/640/480?lock=2815367973961728"
"100025","Ralph","Herzog","Grady.Connelly@hotmail.com","Tue Jul 25 2023 04:59:05 GMT+0200 (Central European Summer Time)","https://picsum.photos/seed/KVhLd5O/640/480"
"100026","Monique","Mosciski","Leigh_Larkin@gmail.com","Sat Aug 05 2023 18:53:28 GMT+0200 (Central European Summer Time)","https://loremflickr.com/640/480?lock=8949281469759488"
"100027","Terry","Klein","Dave.Collier69@gmail.com","Fri Oct 06 2023 01:42:46 GMT+0200 (Central European Summer Time)","https://picsum.photos/seed/ktMw4c4/640/480"
"100028","Lorene","O'Keefe","Raul.Larson63@hotmail.com","Wed May 17 2023 13:03:43 GMT+0200 (Central European Summer Time)","https://picsum.photos/seed/6nQxA/640/480"
"100029","Cameron","Rice","Ricky.Hansen78@yahoo.com","Mon Jul 17 2023 05:20:48 GMT+0200 (Central European Summer Time)","https://picsum.photos/seed/cbYXR/640/480"
"100030","Winston","MacGyver","Brenda.Lakin28@gmail.com","Sat Jun 03 2023 19:54:03 GMT+0200 (Central European Summer Time)","https://picsum.photos/seed/HeXKWjPpx/640/480"
"100031","Susie","Hermiston","Hector_Towne53@yahoo.com","Tue Apr 25 2023 22:02:55 GMT+0200 (Central European Summer Time)","https://loremflickr.com/640/480?lock=5028595351158784"
"100032","Vivian","Hudson","Martin.Senger@gmail.com","Mon Mar 06 2023 20:14:30 GMT+0100 (Central European Standard Time)","https://loremflickr.com/640/480?lock=4108483131604992"
"100033","June","Koelpin","Todd.Muller@hotmail.com","Fri Sep 22 2023 19:05:51 GMT+0200 (Central European Summer Time)","https://loremflickr.com/640/480?lock=8685380903632896"
"100034","Isabel","Terry","Isaac_Klein@hotmail.com","Sun Jun 04 2023 13:41:49 GMT+0200 (Central European Summer Time)","https://loremflickr.com/640/480?lock=5331108684103680"
"100035","Leonard","Schowalter","Ralph_Kautzer68@gmail.com","Wed Jun 21 2023 00:35:39 GMT+0200 (Central European Summer Time)","https://picsum.photos/seed/9HXWjBcgz/640/480"
"100036","Clara","Rogahn","Samuel.Krajcik@hotmail.com","Wed Dec 20 2023 18:30:41 GMT+0100 (Central European Standard Time)","https://loremflickr.com/640/480?lock=883841973616640"
"100037","Darla","Weber","Kari.Halvorson@gmail.com","Sun Sep 03 2023 06:26:06 GMT+0200 (Central European Summer Time)","https://picsum.photos/seed/kOS5TXN/640/480"
"100038","Wilfred","Farrell","Vicky_Hoeger@yahoo.com","Sat May 13 2023 11:34:07 GMT+0200 (Central European Summer Time)","https://loremflickr.com/640/480?lock=7295781692243968"
"100039","Terrance","Abshire-Cummings","Felipe_Rutherford@hotmail.com","Fri Jun 09 2023 21:51:37 GMT+0200 (Central European Summer Time)","https://picsum.photos/seed/3lD4Rw/640/480"
"100040","Harry","Donnelly-Hessel","Barry.Stiedemann@gmail.com","Sat Aug 19 2023 16:24:05 GMT+0200 (Central European Summer Time)","https://loremflickr.com/640/480?lock=8627678837997568"
"100041","Dewey","Grimes","Bruce_Toy@hotmail.com","Thu Aug 10 2023 06:08:04 GMT+0200 (Central European Summer Time)","https://picsum.photos/seed/XjoL2J/640/480"
"100042","Ira","Kuhlman","Phillip.Abbott@yahoo.com","Thu Sep 28 2023 14:19:51 GMT+0200 (Central European Summer Time)","https://loremflickr.com/640/480?lock=5958080021921792"
"100043","Alexandra","Baumbach","Kurt.Donnelly@gmail.com","Fri Sep 08 2023 23:40:23 GMT+0200 (Central European Summer Time)","https://loremflickr.com/640/480?lock=309799667367936"
"100044","Ralph","Runolfsdottir","Terry.Wiza40@hotmail.com","Sat Jan 06 2024 19:18:30 GMT+0100 (Central European Standard Time)","https://picsum.photos/seed/76OBKm/640/480"
"100045","Courtney","Champlin","Dave.Dibbert10@gmail.com","Tue Mar 21 2023 15:00:54 GMT+0100 (Central European Standard Time)","https://loremflickr.com/640/480?lock=1350071201300480"
"100046","Tomas","Weimann","Steven.Ruecker32@gmail.com","Thu Aug 10 2023 17:43:43 GMT+0200 (Central European Summer Time)","https://loremflickr.com/640/480?lock=5125772593332224"
"100047","Jonathon","Hickle","Joel.Crooks@yahoo.com","Thu Nov 02 2023 09:53:51 GMT+0100 (Central European Standard Time)","https://loremflickr.com/640/480?lock=3588643664953344"
"100048","Dwayne","Schultz","Naomi_Brekke20@gmail.com","Sun Oct 15 2023 22:02:43 GMT+0200 (Central European Summer Time)","https://picsum.photos/seed/wGg13jqe/640/480"
"100049","Loretta","Ruecker","Monique.Kulas43@yahoo.com","Wed Aug 30 2023 23:37:48 GMT+0200 (Central European Summer Time)","https://loremflickr.com/640/480?lock=2311866183319552"
"100050","Clint","Kub","Denise.Miller@yahoo.com","Sun Jul 23 2023 17:55:57 GMT+0200 (Central European Summer Time)","https://loremflickr.com/640/480?lock=2445209038225408"
"100051","Paulette","Reilly","Mario_Armstrong@yahoo.com","Thu Jul 13 2023 13:09:20 GMT+0200 (Central European Summer Time)","https://picsum.photos/seed/cJBKu3HnEP/640/480"
"100052","Eunice","Kemmer","Shannon.Conn@gmail.com","Wed Jul 12 2023 09:10:47 GMT+0200 (Central European Summer Time)","https://loremflickr.com/640/480?lock=6708100178378752"
"100053","Elisa","Ryan","Richard.Erdman@gmail.com","Wed Feb 21 2024 21:48:52 GMT+0100 (Central European Standard Time)","https://picsum.photos/seed/CZZgKUzH/640/480"
"100054","Olga","Sporer","Melvin.Torp32@gmail.com","Wed Sep 20 2023 09:50:32 GMT+0200 (Central European Summer Time)","https://picsum.photos/seed/1QGjEn/640/480"
"100055","Donald","Zboncak","Candace.Ziemann@gmail.com","Sat May 06 2023 18:51:43 GMT+0200 (Central European Summer Time)","https://picsum.photos/seed/jrqwuFTO5/640/480"
"100056","Bert","Ward","Lila_Sawayn22@hotmail.com","Thu Nov 09 2023 14:37:04 GMT+0100 (Central European Standard Time)","https://picsum.photos/seed/uSP0Y/640/480"
"100057","Opal","Marquardt","Woodrow_Waelchi68@yahoo.com","Sun Feb 11 2024 15:05:09 GMT+0100 (Central European Standard Time)","https://loremflickr.com/640/480?lock=1183498282991616"
"100058","Frances","Weissnat","Lowell.Pouros55@yahoo.com","Fri Oct 27 2023 02:15:27 GMT+0200 (Central European Summer Time)","https://picsum.photos/seed/wKZnW011c/640/480"
"100059","Ismael","Upton","Earnest.Abernathy96@yahoo.com","Wed Mar 22 2023 10:33:18 GMT+0100 (Central European Standard Time)","https://loremflickr.com/640/480?lock=216913393221632"
"100060","Alice","Cole","Sonja.Conroy@yahoo.com","Fri Feb 02 2024 12:41:45 GMT+0100 (Central European Standard Time)","https://picsum.photos/seed/c5P7A/640/480"
"100061","Melba","Beahan","Justin.Davis76@yahoo.com","Mon Jul 24 2023 18:51:14 GMT+0200 (Central European Summer Time)","https://picsum.photos/seed/aQ6kt9/640/480"
"100062","Eloise","Jacobs","Eunice.Von@gmail.com","Tue May 23 2023 17:34:25 GMT+0200 (Central European Summer Time)","https://picsum.photos/seed/zVBhNL/640/480"
"100063","Juanita","Boyle","Johnathan.Christiansen58@hotmail.com","Sat May 06 2023 15:27:23 GMT+0200 (Central European Summer Time)","https://picsum.photos/seed/zccSGJBwNk/640/480"
"100064","Carlos","Schoen","Carlos_Wisoky89@gmail.com","Tue Dec 19 2023 15:24:57 GMT+0100 (Central European Standard Time)","https://picsum.photos/seed/RRmwb/640/480"
"100065","Neal","Klocko","Dianna_Gutmann70@hotmail.com","Sat Nov 11 2023 21:32:22 GMT+0100 (Central European Standard Time)","https://loremflickr.com/640/480?lock=7783211945951232"
"100066","Randolph","Luettgen","Deanna.McLaughlin-Dietrich68@hotmail.com","Thu Aug 17 2023 02:29:27 GMT+0200 (Central European Summer Time)","https://picsum.photos/seed/tV9b6v0f/640/480"
"100067","Kerry","Streich","Rita_Sawayn@yahoo.com","Tue Feb 13 2024 22:15:22 GMT+0100 (Central European Standard Time)","https://picsum.photos/seed/gOWimRAwo/640/480"
"100068","Alice","Torphy","Joel.Champlin93@gmail.com","Tue May 30 2023 23:39:30 GMT+0200 (Central European Summer Time)","https://loremflickr.com/640/480?lock=3580643776659456"
"100069","Norman","Dibbert","Santos.OReilly@gmail.com","Mon Nov 13 2023 13:21:11 GMT+0100 (Central European Standard Time)","https://picsum.photos/seed/ZBFxtjn/640/480"
"100070","Julian","Gleason","Eugene_Emard94@hotmail.com","Thu Mar 16 2023 21:57:46 GMT+0100 (Central European Standard Time)","https://picsum.photos/seed/NSMAxw/640/480"
"100071","Hope","Pollich","Cheryl_Lebsack46@gmail.com","Mon Jul 17 2023 08:27:40 GMT+0200 (Central European Summer Time)","https://picsum.photos/seed/UpK5xK2/640/480"
"100072","Felicia","Harber","Timothy.Kuhic22@yahoo.com","Fri Jun 16 2023 03:17:54 GMT+0200 (Central European Summer Time)","https://loremflickr.com/640/480?lock=6453792226672640"
"100073","Beatrice","Watsica-Miller","Felipe.Abbott@gmail.com","Fri May 19 2023 03:49:35 GMT+0200 (Central European Summer Time)","https://picsum.photos/seed/FXtFG3/640/480"
"100074","Patty","Ryan","Rosemarie_Russel42@yahoo.com","Sat Feb 17 2024 11:39:56 GMT+0100 (Central European Standard Time)","https://loremflickr.com/640/480?lock=2457009467162624"
"100075","Ken","Schulist","Ellis_Ebert@gmail.com","Thu Jul 20 2023 17:40:12 GMT+0200 (Central European Summer Time)","https://picsum.photos/seed/VFRDt7tK0s/640/480"
"100076","Victor","Harvey","Donnie_Hills62@yahoo.com","Sun Aug 27 2023 07:51:31 GMT+0200 (Central European Summer Time)","https://loremflickr.com/640/480?lock=4762815948652544"
"100077","Ann","Padberg","Tommie_Kilback2@yahoo.com","Thu Sep 28 2023 00:45:15 GMT+0200 (Central European Summer Time)","https://loremflickr.com/640/480?lock=691609771442176"
"100078","Carolyn","Cartwright","Terence_Lebsack52@hotmail.com","Wed May 31 2023 04:12:45 GMT+0200 (Central European Summer Time)","https://loremflickr.com/640/480?lock=4485961033449472"
"100079","Roderick","Rowe","Jane.Nicolas50@hotmail.com","Fri Jan 12 2024 01:42:58 GMT+0100 (Central European Standard Time)","https://loremflickr.com/640/480?lock=2324992448528384"
"100080","Janet","Hackett","Holly_Fisher73@gmail.com","Thu Nov 02 2023 18:03:28 GMT+0100 (Central European Standard Time)","https://loremflickr.com/640/480?lock=4347768854282240"
"100081","Timothy","Rohan","Andrew.Cronin-Stanton@hotmail.com","Tue Feb 28 2023 09:08:55 GMT+0100 (Central European Standard Time)","https://loremflickr.com/640/480?lock=6948386565521408"
"100082","Marta","Considine","Silvia.Barton-Kuhic40@yahoo.com","Sun Jun 04 2023 05:42:02 GMT+0200 (Central European Summer Time)","https://loremflickr.com/640/480?lock=1165082402750464"
"100083","Benjamin","Jast","Lydia_Weimann-McClure@hotmail.com","Fri Mar 03 2023 03:56:37 GMT+0100 (Central European Standard Time)","https://loremflickr.com/640/480?lock=8390496034488320"
"100084","Stephanie","Blanda","Terry_Cassin72@yahoo.com","Wed Jan 31 2024 00:33:42 GMT+0100 (Central European Standard Time)","https://loremflickr.com/640/480?lock=5524318995873792"
"100085","Crystal","Carroll","Valerie_Bergstrom46@hotmail.com","Thu Sep 14 2023 18:39:46 GMT+0200 (Central European Summer Time)","https://loremflickr.com/640/480?lock=4252699140816896"
"100086","Ashley","Johns","Johanna_Adams2@yahoo.com","Fri Jun 23 2023 23:46:30 GMT+0200 (Central European Summer Time)","https://loremflickr.com/640/480?lock=1393358501052416"
"100087","Marilyn","Connelly","Dale_Daniel@yahoo.com","Thu Nov 16 2023 11:57:17 GMT+0100 (Central European Standard Time)","https://loremflickr.com/640/480?lock=2157762534440960"
"100088","Curtis","Champlin","Veronica.Brekke80@hotmail.com","Tue Apr 18 2023 01:35:25 GMT+0200 (Central European Summer Time)","https://picsum.photos/seed/UXK1JIzt12/640/480"
"100089","Kristie","Lesch","Leona_Schimmel@hotmail.com","Tue Jul 18 2023 02:57:52 GMT+0200 (Central European Summer Time)","https://picsum.photos/seed/8tta3oGcR/640/480"
"100090","Harvey","Bernier","Sadie_Becker@hotmail.com","Tue Mar 28 2023 01:42:39 GMT+0200 (Central European Summer Time)","https://loremflickr.com/640/480?lock=1117632512131072"
"100091","Charlie","Kunde","Bennie_Grimes@hotmail.com","Sat Dec 30 2023 15:29:03 GMT+0100 (Central European Standard Time)","https://picsum.photos/seed/ldCyQNpSlA/640/480"
"100092","Stacey","Flatley","Catherine_Torphy@yahoo.com","Sun Aug 27 2023 01:21:23 GMT+0200 (Central European Summer Time)","https://loremflickr.com/640/480?lock=7469519305965568"
"100093","Cornelius","Stoltenberg","Lana.Lind71@yahoo.com","Wed Nov 08 2023 21:28:59 GMT+0100 (Central European Standard Time)","https://loremflickr.com/640/480?lock=1972091658174464"
"100094","Dixie","Abbott","Wilbert.Oberbrunner-Lockman51@yahoo.com","Thu Mar 09 2023 17:07:10 GMT+0100 (Central European Standard Time)","https://loremflickr.com/640/480?lock=5612505015517184"
"100095","Inez","McGlynn","Samantha_Schneider@gmail.com","Sun Jul 02 2023 16:44:34 GMT+0200 (Central European Summer Time)","https://loremflickr.com/640/480?lock=4138265066078208"
"100096","Harriet","Brown","Lora_Reichel@hotmail.com","Wed Sep 06 2023 11:45:58 GMT+0200 (Central European Summer Time)","https://loremflickr.com/640/480?lock=4633781770125312"
"100097","Armando","Miller","Chester_Metz8@yahoo.com","Thu Aug 03 2023 11:25:19 GMT+0200 (Central European Summer Time)","https://picsum.photos/seed/KdXOpdo/640/480"
"100098","Mona","Hilll","Mae_Mayert@gmail.com","Tue Apr 11 2023 08:44:10 GMT+0200 (Central European Summer Time)","https://picsum.photos/seed/8fw1hL/640/480"
"100099","Roy","Gleichner","Armando.Bernier91@yahoo.com","Thu Jun 15 2023 18:13:24 GMT+0200 (Central European Summer Time)","https://loremflickr.com/640/480?lock=6428888953520128"